-- MySQL dump 10.13  Distrib 8.0.44, for Win64 (x86_64)
--
-- Host: 127.0.0.1    Database: enomy_finance_system
-- ------------------------------------------------------
-- Server version	9.5.0

/*!40101 SET @OLD_CHARACTER_SET_CLIENT=@@CHARACTER_SET_CLIENT */;
/*!40101 SET @OLD_CHARACTER_SET_RESULTS=@@CHARACTER_SET_RESULTS */;
/*!40101 SET @OLD_COLLATION_CONNECTION=@@COLLATION_CONNECTION */;
/*!50503 SET NAMES utf8 */;
/*!40103 SET @OLD_TIME_ZONE=@@TIME_ZONE */;
/*!40103 SET TIME_ZONE='+00:00' */;
/*!40014 SET @OLD_UNIQUE_CHECKS=@@UNIQUE_CHECKS, UNIQUE_CHECKS=0 */;
/*!40014 SET @OLD_FOREIGN_KEY_CHECKS=@@FOREIGN_KEY_CHECKS, FOREIGN_KEY_CHECKS=0 */;
/*!40101 SET @OLD_SQL_MODE=@@SQL_MODE, SQL_MODE='NO_AUTO_VALUE_ON_ZERO' */;
/*!40111 SET @OLD_SQL_NOTES=@@SQL_NOTES, SQL_NOTES=0 */;
SET @MYSQLDUMP_TEMP_LOG_BIN = @@SESSION.SQL_LOG_BIN;
SET @@SESSION.SQL_LOG_BIN= 0;

--
-- GTID state at the beginning of the backup 
--

SET @@GLOBAL.GTID_PURGED=/*!80000 '+'*/ 'ea55e609-f201-11f0-9233-58112294d6c7:1-4927';

--
-- Table structure for table `conversion_fee_rule`
--

DROP TABLE IF EXISTS `conversion_fee_rule`;
/*!40101 SET @saved_cs_client     = @@character_set_client */;
/*!50503 SET character_set_client = utf8mb4 */;
CREATE TABLE `conversion_fee_rule` (
  `id` bigint NOT NULL AUTO_INCREMENT,
  `rule_set_id` bigint NOT NULL,
  `min_amount` double NOT NULL,
  `max_amount` double NOT NULL,
  `fee_rate` double NOT NULL,
  `created_at` datetime NOT NULL DEFAULT CURRENT_TIMESTAMP,
  `updated_at` datetime NOT NULL DEFAULT CURRENT_TIMESTAMP ON UPDATE CURRENT_TIMESTAMP,
  PRIMARY KEY (`id`),
  KEY `fk_conversion_fee_rule_rule_set` (`rule_set_id`),
  CONSTRAINT `fk_conversion_fee_rule_rule_set` FOREIGN KEY (`rule_set_id`) REFERENCES `conversion_rule_set` (`id`) ON DELETE CASCADE ON UPDATE CASCADE
) ENGINE=InnoDB AUTO_INCREMENT=5 DEFAULT CHARSET=utf8mb4 COLLATE=utf8mb4_0900_ai_ci;
/*!40101 SET character_set_client = @saved_cs_client */;

--
-- Dumping data for table `conversion_fee_rule`
--

LOCK TABLES `conversion_fee_rule` WRITE;
/*!40000 ALTER TABLE `conversion_fee_rule` DISABLE KEYS */;
INSERT INTO `conversion_fee_rule` VALUES (1,1,300,500,3.5,'2026-03-26 01:59:43','2026-03-26 01:59:43'),(2,1,500.01,1500,2.7,'2026-03-26 01:59:43','2026-03-26 01:59:43'),(3,1,1500.01,2500,2,'2026-03-26 01:59:43','2026-03-26 01:59:43'),(4,1,2500.01,5000,1.5,'2026-03-26 01:59:43','2026-03-26 01:59:43');
/*!40000 ALTER TABLE `conversion_fee_rule` ENABLE KEYS */;
UNLOCK TABLES;

--
-- Table structure for table `conversion_rule_set`
--

DROP TABLE IF EXISTS `conversion_rule_set`;
/*!40101 SET @saved_cs_client     = @@character_set_client */;
/*!50503 SET character_set_client = utf8mb4 */;
CREATE TABLE `conversion_rule_set` (
  `id` bigint NOT NULL AUTO_INCREMENT,
  `rule_name` varchar(100) NOT NULL,
  `description` varchar(255) DEFAULT NULL,
  `active` tinyint(1) NOT NULL DEFAULT '0',
  `created_at` datetime NOT NULL DEFAULT CURRENT_TIMESTAMP,
  `updated_at` datetime NOT NULL DEFAULT CURRENT_TIMESTAMP ON UPDATE CURRENT_TIMESTAMP,
  PRIMARY KEY (`id`)
) ENGINE=InnoDB AUTO_INCREMENT=2 DEFAULT CHARSET=utf8mb4 COLLATE=utf8mb4_0900_ai_ci;
/*!40101 SET character_set_client = @saved_cs_client */;

--
-- Dumping data for table `conversion_rule_set`
--

LOCK TABLES `conversion_rule_set` WRITE;
/*!40000 ALTER TABLE `conversion_rule_set` DISABLE KEYS */;
INSERT INTO `conversion_rule_set` VALUES (1,'Default Currency Conversion Rules','Assignment-based currency conversion fee structure with min transaction 300 and max transaction 5000',1,'2026-03-26 01:59:43','2026-03-26 01:59:43');
/*!40000 ALTER TABLE `conversion_rule_set` ENABLE KEYS */;
UNLOCK TABLES;

--
-- Table structure for table `currency_conversion`
--

DROP TABLE IF EXISTS `currency_conversion`;
/*!40101 SET @saved_cs_client     = @@character_set_client */;
/*!50503 SET character_set_client = utf8mb4 */;
CREATE TABLE `currency_conversion` (
  `id` bigint NOT NULL AUTO_INCREMENT,
  `userId` bigint DEFAULT NULL,
  `baseCurrency` varchar(10) DEFAULT NULL,
  `targetCurrency` varchar(10) DEFAULT NULL,
  `amount` decimal(15,2) DEFAULT NULL,
  `result` decimal(15,2) DEFAULT NULL,
  `rate` decimal(10,6) DEFAULT NULL,
  `fee` decimal(15,2) DEFAULT NULL,
  `date` date DEFAULT NULL,
  PRIMARY KEY (`id`),
  KEY `userId` (`userId`),
  CONSTRAINT `currency_conversion_ibfk_1` FOREIGN KEY (`userId`) REFERENCES `users` (`id`)
) ENGINE=InnoDB AUTO_INCREMENT=6 DEFAULT CHARSET=utf8mb4 COLLATE=utf8mb4_0900_ai_ci;
/*!40101 SET character_set_client = @saved_cs_client */;

--
-- Dumping data for table `currency_conversion`
--

LOCK TABLES `currency_conversion` WRITE;
/*!40000 ALTER TABLE `currency_conversion` DISABLE KEYS */;
INSERT INTO `currency_conversion` VALUES (1,7,'GBP','USD',1.00,1.28,1.334100,0.04,'2026-03-18'),(2,7,'GBP','USD',1.00,1.28,1.334100,0.04,'2026-03-18'),(3,7,'GBP','USD',1.00,1.28,1.334100,0.04,'2026-03-18'),(4,7,'GBP','USD',1.00,1.28,1.334100,0.04,'2026-03-18'),(5,7,'GBP','USD',500.00,643.70,1.334100,17.50,'2026-03-18');
/*!40000 ALTER TABLE `currency_conversion` ENABLE KEYS */;
UNLOCK TABLES;

--
-- Table structure for table `currency_transaction`
--

DROP TABLE IF EXISTS `currency_transaction`;
/*!40101 SET @saved_cs_client     = @@character_set_client */;
/*!50503 SET character_set_client = utf8mb4 */;
CREATE TABLE `currency_transaction` (
  `id` bigint NOT NULL AUTO_INCREMENT,
  `transaction_number` varchar(100) NOT NULL,
  `user_id` bigint NOT NULL,
  `transaction_type` varchar(20) NOT NULL,
  `base_currency` varchar(10) NOT NULL,
  `target_currency` varchar(10) NOT NULL,
  `input_amount` double NOT NULL,
  `exchange_rate_used` double NOT NULL,
  `converted_amount` double NOT NULL,
  `fee_rate_applied` double NOT NULL,
  `fee_value` double NOT NULL,
  `final_amount` double NOT NULL,
  `rule_set_id` bigint NOT NULL,
  `status` varchar(20) NOT NULL,
  `created_at` datetime NOT NULL DEFAULT CURRENT_TIMESTAMP,
  PRIMARY KEY (`id`)
) ENGINE=InnoDB AUTO_INCREMENT=3 DEFAULT CHARSET=utf8mb4 COLLATE=utf8mb4_0900_ai_ci;
/*!40101 SET character_set_client = @saved_cs_client */;

--
-- Dumping data for table `currency_transaction`
--

LOCK TABLES `currency_transaction` WRITE;
/*!40000 ALTER TABLE `currency_transaction` DISABLE KEYS */;
INSERT INTO `currency_transaction` VALUES (1,'CC-7-20260326021107',7,'BUY','USD','GBP',300,0.7467,224.01000000000002,3.5,7.840350000000002,216.16965000000002,1,'SUCCESS','2026-03-26 02:11:07'),(2,'CC-7-20260326021215',7,'SELL','USD','GBP',600,0.7467,448.02000000000004,2.7,12.096540000000003,435.92346000000003,1,'SUCCESS','2026-03-26 02:12:15');
/*!40000 ALTER TABLE `currency_transaction` ENABLE KEYS */;
UNLOCK TABLES;

--
-- Table structure for table `investment_quotes`
--

DROP TABLE IF EXISTS `investment_quotes`;
/*!40101 SET @saved_cs_client     = @@character_set_client */;
/*!50503 SET character_set_client = utf8mb4 */;
CREATE TABLE `investment_quotes` (
  `id` bigint NOT NULL AUTO_INCREMENT,
  `user_id` bigint NOT NULL,
  `plan_type` varchar(50) NOT NULL,
  `initial_lump_sum` decimal(12,2) NOT NULL DEFAULT '0.00',
  `monthly_investment` decimal(12,2) NOT NULL,
  `plan_rules_id` bigint NOT NULL,
  `created_at` timestamp NULL DEFAULT CURRENT_TIMESTAMP,
  PRIMARY KEY (`id`),
  KEY `fk_investment_quotes_user` (`user_id`),
  KEY `fk_investment_quotes_plan_rules` (`plan_rules_id`),
  CONSTRAINT `fk_investment_quotes_plan_rules` FOREIGN KEY (`plan_rules_id`) REFERENCES `plan_rules` (`id`),
  CONSTRAINT `fk_investment_quotes_user` FOREIGN KEY (`user_id`) REFERENCES `users` (`id`)
) ENGINE=InnoDB AUTO_INCREMENT=3 DEFAULT CHARSET=utf8mb4 COLLATE=utf8mb4_0900_ai_ci;
/*!40101 SET character_set_client = @saved_cs_client */;

--
-- Dumping data for table `investment_quotes`
--

LOCK TABLES `investment_quotes` WRITE;
/*!40000 ALTER TABLE `investment_quotes` DISABLE KEYS */;
INSERT INTO `investment_quotes` VALUES (1,7,'SAVINGS_PLUS',300.00,50.00,2,'2026-03-18 20:25:41'),(2,7,'BASIC_SAVINGS',1000.00,100.00,97,'2026-03-25 07:54:10');
/*!40000 ALTER TABLE `investment_quotes` ENABLE KEYS */;
UNLOCK TABLES;

--
-- Table structure for table `plan_rules`
--

DROP TABLE IF EXISTS `plan_rules`;
/*!40101 SET @saved_cs_client     = @@character_set_client */;
/*!50503 SET character_set_client = utf8mb4 */;
CREATE TABLE `plan_rules` (
  `id` bigint NOT NULL AUTO_INCREMENT,
  `plan_type` varchar(50) NOT NULL,
  `min_return_rate` decimal(6,4) NOT NULL,
  `max_return_rate` decimal(6,4) NOT NULL,
  `monthly_fee_rate` decimal(6,4) NOT NULL,
  `yearly_investment_limit` decimal(12,2) DEFAULT NULL,
  `min_monthly_required` decimal(12,2) NOT NULL,
  `min_initial_required` decimal(12,2) NOT NULL DEFAULT '0.00',
  `tax_settings_id` bigint NOT NULL,
  `active` tinyint(1) DEFAULT '1',
  `created_at` timestamp NULL DEFAULT CURRENT_TIMESTAMP,
  `plan_set_id` bigint DEFAULT NULL,
  PRIMARY KEY (`id`),
  KEY `fk_plan_rules_tax` (`tax_settings_id`),
  CONSTRAINT `fk_plan_rules_tax` FOREIGN KEY (`tax_settings_id`) REFERENCES `tax_settings` (`id`)
) ENGINE=InnoDB AUTO_INCREMENT=109 DEFAULT CHARSET=utf8mb4 COLLATE=utf8mb4_0900_ai_ci;
/*!40101 SET character_set_client = @saved_cs_client */;

--
-- Dumping data for table `plan_rules`
--

LOCK TABLES `plan_rules` WRITE;
/*!40000 ALTER TABLE `plan_rules` DISABLE KEYS */;
INSERT INTO `plan_rules` VALUES (1,'BASIC_SAVINGS',0.0120,0.0240,0.0025,20000.00,50.00,0.00,1,0,'2026-03-18 20:15:00',NULL),(2,'SAVINGS_PLUS',0.0300,0.0550,0.0030,30000.00,50.00,300.00,2,0,'2026-03-18 20:15:00',NULL),(3,'MANAGED_STOCKS',0.0400,0.2300,0.0130,NULL,150.00,1000.00,3,0,'2026-03-18 20:15:00',NULL),(4,'BASIC_SAVINGS',1.2000,2.4000,0.2500,20000.00,50.00,0.00,4,0,'2026-03-24 20:35:34',1),(5,'SAVINGS_PLUS',3.0000,5.5000,0.3000,30000.00,50.00,300.00,4,0,'2026-03-24 20:35:34',1),(6,'MANAGED_STOCKS',4.0000,23.0000,1.3000,0.00,150.00,1000.00,4,0,'2026-03-24 20:35:34',1),(7,'BASIC_SAVINGS',1.2000,2.4000,0.2500,20000.00,50.00,0.00,11,0,'2026-03-24 22:55:08',2),(8,'SAVINGS_PLUS',3.0000,5.5000,0.3000,30000.00,50.00,300.00,12,0,'2026-03-24 22:55:08',2),(9,'MANAGED_STOCKS',4.0000,23.0000,1.3000,0.00,150.00,1000.00,13,0,'2026-03-24 22:55:08',2),(10,'BASIC_SAVINGS',1.2000,2.4000,0.2500,20000.00,50.00,0.00,8,0,'2026-03-24 23:59:41',3),(11,'SAVINGS_PLUS',3.0000,5.5000,0.3000,30000.00,50.00,300.00,9,0,'2026-03-24 23:59:41',3),(12,'MANAGED_STOCKS',4.0000,23.0000,1.3000,0.00,150.00,1000.00,10,0,'2026-03-24 23:59:41',3),(13,'BASIC_SAVINGS',1.2000,2.4000,0.2500,20000.00,50.00,0.00,11,0,'2026-03-25 00:01:10',4),(14,'SAVINGS_PLUS',3.0000,5.5000,0.3000,30000.00,50.00,300.00,12,0,'2026-03-25 00:01:10',4),(15,'MANAGED_STOCKS',4.0000,23.0000,1.3000,0.00,150.00,1000.00,13,0,'2026-03-25 00:01:10',4),(16,'BASIC_SAVINGS',1.2000,2.4000,0.2500,20000.00,50.00,0.00,5,0,'2026-03-25 00:01:24',5),(17,'SAVINGS_PLUS',3.0000,5.5000,0.3000,30000.00,50.00,300.00,6,0,'2026-03-25 00:01:24',5),(18,'MANAGED_STOCKS',4.0000,23.0000,1.3000,0.00,150.00,1000.00,7,0,'2026-03-25 00:01:24',5),(19,'BASIC_SAVINGS',1.2000,2.4000,0.2500,20000.00,50.00,0.00,11,0,'2026-03-25 00:01:39',6),(20,'SAVINGS_PLUS',3.0000,5.5000,0.3000,30000.00,50.00,300.00,12,0,'2026-03-25 00:01:39',6),(21,'MANAGED_STOCKS',4.0000,23.0000,1.3000,0.00,150.00,1000.00,13,0,'2026-03-25 00:01:39',6),(22,'BASIC_SAVINGS',1.2000,2.4000,0.2500,20000.00,50.00,0.00,8,0,'2026-03-25 00:02:14',7),(23,'SAVINGS_PLUS',3.0000,5.5000,0.3000,30000.00,50.00,300.00,9,0,'2026-03-25 00:02:14',7),(24,'MANAGED_STOCKS',4.0000,23.0000,1.3000,0.00,150.00,1000.00,10,0,'2026-03-25 00:02:14',7),(25,'BASIC_SAVINGS',1.2000,2.4000,0.2500,20000.00,50.00,0.00,14,0,'2026-03-25 00:02:47',8),(26,'SAVINGS_PLUS',3.0000,5.5000,0.3000,30000.00,50.00,300.00,15,0,'2026-03-25 00:02:47',8),(27,'MANAGED_STOCKS',4.0000,23.0000,1.3000,0.00,150.00,1000.00,16,0,'2026-03-25 00:02:47',8),(28,'BASIC_SAVINGS',1.2000,2.4000,0.2500,20000.00,50.00,0.00,11,0,'2026-03-25 00:03:45',9),(29,'SAVINGS_PLUS',3.0000,5.5000,0.3000,30000.00,50.00,300.00,12,0,'2026-03-25 00:03:45',9),(30,'MANAGED_STOCKS',4.0000,23.0000,1.3000,0.00,150.00,1000.00,13,0,'2026-03-25 00:03:45',9),(31,'BASIC_SAVINGS',1.2000,2.4000,0.2500,20000.00,50.00,0.00,14,0,'2026-03-25 00:04:08',10),(32,'SAVINGS_PLUS',3.0000,5.5000,0.3000,30000.00,50.00,300.00,15,0,'2026-03-25 00:04:08',10),(33,'MANAGED_STOCKS',4.0000,23.0000,1.3000,0.00,150.00,1000.00,16,0,'2026-03-25 00:04:08',10),(34,'BASIC_SAVINGS',0.0000,0.0000,0.0000,0.00,0.00,0.00,14,0,'2026-03-25 00:12:25',11),(35,'SAVINGS_PLUS',0.0000,0.0000,0.0000,0.00,0.00,0.00,15,0,'2026-03-25 00:12:25',11),(36,'MANAGED_STOCKS',0.0000,0.0000,0.0000,0.00,0.00,0.00,16,0,'2026-03-25 00:12:25',11),(37,'BASIC_SAVINGS',1.0000,1.0000,1.0000,1.00,1.00,1.00,17,0,'2026-03-25 00:26:15',12),(38,'SAVINGS_PLUS',1.0000,1.0000,1.0000,1.00,1.00,1.00,18,0,'2026-03-25 00:26:15',12),(39,'MANAGED_STOCKS',1.0000,1.0000,1.0000,1.00,1.00,1.00,19,0,'2026-03-25 00:26:15',12),(40,'BASIC_SAVINGS',2.0000,2.0000,2.0000,2.00,2.00,2.00,20,0,'2026-03-25 00:27:27',13),(41,'SAVINGS_PLUS',2.0000,2.0000,2.0000,2.00,2.00,2.00,21,0,'2026-03-25 00:27:27',13),(42,'MANAGED_STOCKS',2.0000,2.0000,2.0000,2.00,2.00,2.00,22,0,'2026-03-25 00:27:27',13),(43,'BASIC_SAVINGS',1.0000,1.0000,1.0000,11.00,1.00,1.00,23,0,'2026-03-25 00:34:43',14),(44,'SAVINGS_PLUS',2.0000,2.0000,2.0000,2.00,2.00,2.00,24,0,'2026-03-25 00:34:43',14),(45,'MANAGED_STOCKS',3.0000,3.0000,3.0000,3.00,3.00,3.00,25,0,'2026-03-25 00:34:43',14),(46,'BASIC_SAVINGS',1.0000,1.0000,1.0000,11.00,1.00,1.00,20,0,'2026-03-25 00:35:36',15),(47,'SAVINGS_PLUS',2.0000,2.0000,2.0000,2.00,2.00,2.00,21,0,'2026-03-25 00:35:36',15),(48,'MANAGED_STOCKS',3.0000,3.0000,3.0000,3.00,3.00,3.00,22,0,'2026-03-25 00:35:36',15),(49,'BASIC_SAVINGS',1.0000,1.0000,1.0000,11.00,1.00,1.00,26,0,'2026-03-25 00:35:52',16),(50,'SAVINGS_PLUS',2.0000,2.0000,2.0000,2.00,2.00,2.00,27,0,'2026-03-25 00:35:52',16),(51,'MANAGED_STOCKS',3.0000,3.0000,3.0000,3.00,3.00,3.00,28,0,'2026-03-25 00:35:52',16),(52,'BASIC_SAVINGS',1.0000,1.0000,1.0000,11.00,1.00,1.00,29,0,'2026-03-25 00:36:22',17),(53,'SAVINGS_PLUS',2.0000,2.0000,2.0000,2.00,2.00,2.00,30,0,'2026-03-25 00:36:22',17),(54,'MANAGED_STOCKS',3.0000,3.0000,3.0000,3.00,3.00,3.00,31,0,'2026-03-25 00:36:22',17),(55,'BASIC_SAVINGS',1.0000,1.0000,1.0000,11.00,1.00,1.00,23,0,'2026-03-25 00:36:45',18),(56,'SAVINGS_PLUS',2.0000,2.0000,2.0000,2.00,2.00,2.00,24,0,'2026-03-25 00:36:45',18),(57,'MANAGED_STOCKS',3.0000,3.0000,3.0000,3.00,3.00,3.00,25,0,'2026-03-25 00:36:45',18),(58,'BASIC_SAVINGS',1.0000,1.0000,1.0000,11.00,1.00,1.00,29,0,'2026-03-25 00:37:07',19),(59,'SAVINGS_PLUS',2.0000,2.0000,2.0000,2.00,2.00,2.00,30,0,'2026-03-25 00:37:07',19),(60,'MANAGED_STOCKS',3.0000,3.0000,3.0000,3.00,3.00,3.00,31,0,'2026-03-25 00:37:07',19),(61,'BASIC_SAVINGS',1.2000,2.4000,0.2500,20000.00,50.00,0.00,32,0,'2026-03-25 00:40:24',20),(62,'SAVINGS_PLUS',3.0000,5.5000,0.3000,30000.00,50.00,300.00,33,0,'2026-03-25 00:40:24',20),(63,'MANAGED_STOCKS',4.0000,23.0000,1.3000,NULL,150.00,1000.00,34,0,'2026-03-25 00:40:24',20),(64,'BASIC_SAVINGS',1.2000,2.4000,0.2500,20000.00,50.00,0.00,29,0,'2026-03-25 05:20:36',21),(65,'SAVINGS_PLUS',3.0000,5.5000,0.3000,30000.00,50.00,300.00,30,0,'2026-03-25 05:20:36',21),(66,'MANAGED_STOCKS',4.0000,23.0000,1.3000,NULL,150.00,1000.00,31,0,'2026-03-25 05:20:36',21),(67,'BASIC_SAVINGS',1.2000,2.4000,0.2500,20000.00,50.00,0.00,32,0,'2026-03-25 05:20:55',22),(68,'SAVINGS_PLUS',3.0000,5.5000,0.3000,30000.00,50.00,300.00,33,0,'2026-03-25 05:20:55',22),(69,'MANAGED_STOCKS',4.0000,23.0000,1.3000,NULL,150.00,1000.00,34,0,'2026-03-25 05:20:55',22),(70,'BASIC_SAVINGS',1.2000,2.4000,0.2500,20000.00,50.00,0.00,29,0,'2026-03-25 05:21:35',23),(71,'SAVINGS_PLUS',3.0000,5.5000,0.3000,30000.00,50.00,300.00,30,0,'2026-03-25 05:21:35',23),(72,'MANAGED_STOCKS',4.0000,23.0000,1.3000,NULL,150.00,1000.00,31,0,'2026-03-25 05:21:35',23),(73,'BASIC_SAVINGS',1.2000,2.4000,0.2500,20000.00,50.00,0.00,32,0,'2026-03-25 06:18:08',24),(74,'SAVINGS_PLUS',3.0000,5.5000,0.3000,30000.00,50.00,300.00,33,0,'2026-03-25 06:18:08',24),(75,'MANAGED_STOCKS',4.0000,23.0000,1.3000,NULL,150.00,1000.00,34,0,'2026-03-25 06:18:08',24),(76,'BASIC_SAVINGS',1.2000,2.4000,0.2500,20000.00,50.00,0.00,35,0,'2026-03-25 06:21:14',25),(77,'SAVINGS_PLUS',3.0000,5.5000,0.3000,30000.00,50.00,300.00,36,0,'2026-03-25 06:21:14',25),(78,'MANAGED_STOCKS',4.0000,23.0000,1.3000,NULL,150.00,1000.00,37,0,'2026-03-25 06:21:14',25),(79,'BASIC_SAVINGS',1.2000,2.4000,0.2500,20000.00,50.00,0.00,35,0,'2026-03-25 06:26:44',26),(80,'SAVINGS_PLUS',3.0000,5.5000,0.3000,30000.00,50.00,300.00,36,0,'2026-03-25 06:26:44',26),(81,'MANAGED_STOCKS',4.0000,23.0000,1.3000,NULL,150.00,1000.00,37,0,'2026-03-25 06:26:44',26),(82,'BASIC_SAVINGS',1.2000,2.4000,0.2500,20000.00,50.00,0.00,32,0,'2026-03-25 06:37:56',27),(83,'SAVINGS_PLUS',3.0000,5.5000,0.3000,30000.00,50.00,300.00,33,0,'2026-03-25 06:37:56',27),(84,'MANAGED_STOCKS',4.0000,23.0000,1.3000,NULL,150.00,1000.00,34,0,'2026-03-25 06:37:56',27),(85,'BASIC_SAVINGS',1.2000,2.4000,0.2500,20000.00,50.00,0.00,35,0,'2026-03-25 06:38:50',28),(86,'SAVINGS_PLUS',3.0000,5.5000,0.3000,30000.00,50.00,300.00,36,0,'2026-03-25 06:38:50',28),(87,'MANAGED_STOCKS',4.0000,23.0000,1.3000,NULL,150.00,1000.00,37,0,'2026-03-25 06:38:50',28),(88,'BASIC_SAVINGS',1.0000,1.0000,1.0000,1.00,1.00,1.00,35,0,'2026-03-25 06:39:25',29),(89,'SAVINGS_PLUS',1.0000,1.0000,1.0000,1.00,1.00,1.00,36,0,'2026-03-25 06:39:25',29),(90,'MANAGED_STOCKS',1.0000,1.0000,1.0000,1.00,1.00,1.00,37,0,'2026-03-25 06:39:25',29),(91,'BASIC_SAVINGS',1.0000,1.0000,1.0000,1.00,1.00,1.00,32,0,'2026-03-25 07:08:59',30),(92,'SAVINGS_PLUS',1.0000,1.0000,1.0000,1.00,1.00,1.00,33,0,'2026-03-25 07:08:59',30),(93,'MANAGED_STOCKS',1.0000,1.0000,1.0000,1.00,1.00,1.00,34,0,'2026-03-25 07:08:59',30),(94,'BASIC_SAVINGS',1.0000,1.0000,1.0000,1.00,1.00,1.00,35,0,'2026-03-25 07:15:13',31),(95,'SAVINGS_PLUS',1.0000,1.0000,1.0000,1.00,1.00,1.00,36,0,'2026-03-25 07:15:13',31),(96,'MANAGED_STOCKS',1.0000,1.0000,1.0000,1.00,1.00,1.00,37,0,'2026-03-25 07:15:13',31),(97,'BASIC_SAVINGS',1.2000,2.4000,0.2500,20000.00,50.00,0.00,35,0,'2026-03-25 07:16:53',32),(98,'SAVINGS_PLUS',3.0000,5.5000,0.3000,30000.00,50.00,300.00,36,0,'2026-03-25 07:16:53',32),(99,'MANAGED_STOCKS',4.0000,23.0000,1.3000,NULL,150.00,1000.00,37,0,'2026-03-25 07:16:53',32),(100,'BASIC_SAVINGS',1.2000,2.4000,0.2500,20000.00,50.00,0.00,32,0,'2026-03-25 14:38:08',33),(101,'SAVINGS_PLUS',3.0000,5.5000,0.3000,30000.00,50.00,300.00,33,0,'2026-03-25 14:38:08',33),(102,'MANAGED_STOCKS',4.0000,23.0000,1.3000,NULL,150.00,1000.00,34,0,'2026-03-25 14:38:08',33),(103,'BASIC_SAVINGS',1.2000,2.4000,0.2500,20000.00,50.00,0.00,35,0,'2026-03-25 15:10:56',34),(104,'SAVINGS_PLUS',3.0000,5.5000,0.3000,30000.00,50.00,300.00,36,0,'2026-03-25 15:10:56',34),(105,'MANAGED_STOCKS',4.0000,23.0000,1.3000,NULL,150.00,1000.00,37,0,'2026-03-25 15:10:56',34),(106,'BASIC_SAVINGS',1.2000,2.4000,0.2500,20000.00,50.00,0.00,38,1,'2026-03-25 15:12:15',35),(107,'SAVINGS_PLUS',3.0000,5.5000,0.3000,30000.00,50.00,300.00,39,1,'2026-03-25 15:12:15',35),(108,'MANAGED_STOCKS',4.0000,23.0000,1.3000,NULL,150.00,1000.00,40,1,'2026-03-25 15:12:15',35);
/*!40000 ALTER TABLE `plan_rules` ENABLE KEYS */;
UNLOCK TABLES;

--
-- Table structure for table `rate_snapshot`
--

DROP TABLE IF EXISTS `rate_snapshot`;
/*!40101 SET @saved_cs_client     = @@character_set_client */;
/*!50503 SET character_set_client = utf8mb4 */;
CREATE TABLE `rate_snapshot` (
  `id` bigint NOT NULL AUTO_INCREMENT,
  `baseCurrency` varchar(10) DEFAULT NULL,
  `targetCurrency` varchar(10) DEFAULT NULL,
  `rate` decimal(10,6) DEFAULT NULL,
  `lastSynced` varchar(50) DEFAULT NULL,
  PRIMARY KEY (`id`),
  UNIQUE KEY `currency_pair` (`baseCurrency`,`targetCurrency`)
) ENGINE=InnoDB AUTO_INCREMENT=2 DEFAULT CHARSET=utf8mb4 COLLATE=utf8mb4_0900_ai_ci;
/*!40101 SET character_set_client = @saved_cs_client */;

--
-- Dumping data for table `rate_snapshot`
--

LOCK TABLES `rate_snapshot` WRITE;
/*!40000 ALTER TABLE `rate_snapshot` DISABLE KEYS */;
INSERT INTO `rate_snapshot` VALUES (1,'GBP','USD',1.334100,'Mar 17, 2026 • 11:00 PM');
/*!40000 ALTER TABLE `rate_snapshot` ENABLE KEYS */;
UNLOCK TABLES;

--
-- Table structure for table `tax_settings`
--

DROP TABLE IF EXISTS `tax_settings`;
/*!40101 SET @saved_cs_client     = @@character_set_client */;
/*!50503 SET character_set_client = utf8mb4 */;
CREATE TABLE `tax_settings` (
  `id` bigint NOT NULL AUTO_INCREMENT,
  `tax_type` varchar(20) NOT NULL,
  `tax_free_allowance` decimal(12,2) NOT NULL DEFAULT '0.00',
  `lower_tax_rate` decimal(6,4) NOT NULL DEFAULT '0.0000',
  `lower_tax_threshold` decimal(12,2) DEFAULT NULL,
  `upper_tax_rate` decimal(6,4) NOT NULL DEFAULT '0.0000',
  `upper_tax_threshold` decimal(12,2) DEFAULT NULL,
  `active` tinyint(1) DEFAULT '1',
  `created_at` timestamp NULL DEFAULT CURRENT_TIMESTAMP,
  `tax_set_id` bigint DEFAULT NULL,
  PRIMARY KEY (`id`)
) ENGINE=InnoDB AUTO_INCREMENT=41 DEFAULT CHARSET=utf8mb4 COLLATE=utf8mb4_0900_ai_ci;
/*!40101 SET character_set_client = @saved_cs_client */;

--
-- Dumping data for table `tax_settings`
--

LOCK TABLES `tax_settings` WRITE;
/*!40000 ALTER TABLE `tax_settings` DISABLE KEYS */;
INSERT INTO `tax_settings` VALUES (1,'NONE',0.00,0.0000,NULL,0.0000,NULL,0,'2026-03-18 20:14:54',NULL),(2,'FLAT',12000.00,0.1000,NULL,0.0000,NULL,0,'2026-03-18 20:14:54',NULL),(3,'PROGRESSIVE',12000.00,0.1000,40000.00,0.2000,40000.00,0,'2026-03-18 20:14:54',NULL),(4,'NONE',12000.00,10.0000,40000.00,20.0000,40000.00,0,'2026-03-24 20:35:34',NULL),(5,'NONE',0.00,0.0000,NULL,0.0000,NULL,0,'2026-03-24 22:09:30',1),(6,'FLAT',0.00,0.0000,NULL,0.0000,NULL,0,'2026-03-24 22:09:30',1),(7,'PROGRESSIVE',0.00,0.0000,NULL,0.0000,NULL,0,'2026-03-24 22:09:30',1),(8,'NONE',0.00,0.0000,NULL,0.0000,NULL,0,'2026-03-24 22:25:13',2),(9,'FLAT',12000.00,10.0000,NULL,0.0000,NULL,0,'2026-03-24 22:25:13',2),(10,'PROGRESSIVE',12000.00,10.0000,40000.00,20.0000,40000.00,0,'2026-03-24 22:25:13',2),(11,'NONE',0.00,0.0000,NULL,0.0000,NULL,0,'2026-03-24 22:55:08',3),(12,'FLAT',12000.00,10.0000,NULL,0.0000,NULL,0,'2026-03-24 22:55:08',3),(13,'PROGRESSIVE',12000.00,10.0000,40000.00,20.0000,40000.00,0,'2026-03-24 22:55:08',3),(14,'NONE',0.00,0.0000,NULL,0.0000,NULL,0,'2026-03-25 00:02:47',4),(15,'FLAT',0.00,0.0000,NULL,0.0000,NULL,0,'2026-03-25 00:02:47',4),(16,'PROGRESSIVE',0.00,0.0000,0.00,0.0000,0.00,0,'2026-03-25 00:02:47',4),(17,'NONE',1.00,0.0000,NULL,0.0000,NULL,0,'2026-03-25 00:26:15',5),(18,'FLAT',1.00,1.0000,NULL,0.0000,NULL,0,'2026-03-25 00:26:15',5),(19,'PROGRESSIVE',1.00,1.0000,1.00,1.0000,1.00,0,'2026-03-25 00:26:15',5),(20,'NONE',2.00,0.0000,NULL,0.0000,NULL,0,'2026-03-25 00:27:27',6),(21,'FLAT',2.00,2.0000,NULL,0.0000,NULL,0,'2026-03-25 00:27:27',6),(22,'PROGRESSIVE',2.00,2.0000,2.00,2.0000,2.00,0,'2026-03-25 00:27:27',6),(23,'NONE',5.00,0.0000,NULL,0.0000,NULL,0,'2026-03-25 00:34:43',7),(24,'FLAT',5.00,5.0000,NULL,0.0000,NULL,0,'2026-03-25 00:34:43',7),(25,'PROGRESSIVE',5.00,5.0000,5.00,5.0000,5.00,0,'2026-03-25 00:34:43',7),(26,'NONE',0.00,0.0000,NULL,0.0000,NULL,0,'2026-03-25 00:35:52',8),(27,'FLAT',0.00,0.0000,NULL,0.0000,NULL,0,'2026-03-25 00:35:52',8),(28,'PROGRESSIVE',0.00,0.0000,0.00,0.0000,0.00,0,'2026-03-25 00:35:52',8),(29,'NONE',7.00,0.0000,NULL,0.0000,NULL,0,'2026-03-25 00:36:22',9),(30,'FLAT',7.00,7.0000,NULL,0.0000,NULL,0,'2026-03-25 00:36:22',9),(31,'PROGRESSIVE',7.00,7.0000,7.00,7.0000,7.00,0,'2026-03-25 00:36:22',9),(32,'NONE',0.00,0.0000,NULL,0.0000,NULL,0,'2026-03-25 00:40:24',10),(33,'FLAT',12000.00,10.0000,NULL,0.0000,NULL,0,'2026-03-25 00:40:24',10),(34,'PROGRESSIVE',12000.00,10.0000,40000.00,20.0000,40000.00,0,'2026-03-25 00:40:24',10),(35,'NONE',0.00,0.0000,NULL,0.0000,NULL,0,'2026-03-25 06:21:14',11),(36,'FLAT',12000.00,10.0000,NULL,0.0000,NULL,0,'2026-03-25 06:21:14',11),(37,'PROGRESSIVE',12000.00,10.0000,12000.00,20.0000,40000.00,0,'2026-03-25 06:21:14',11),(38,'NONE',0.00,0.0000,NULL,0.0000,NULL,1,'2026-03-25 15:12:15',12),(39,'FLAT',12000.00,10.0000,NULL,0.0000,NULL,1,'2026-03-25 15:12:15',12),(40,'PROGRESSIVE',12000.00,10.0000,40000.00,20.0000,40000.00,1,'2026-03-25 15:12:15',12);
/*!40000 ALTER TABLE `tax_settings` ENABLE KEYS */;
UNLOCK TABLES;

--
-- Table structure for table `users`
--

DROP TABLE IF EXISTS `users`;
/*!40101 SET @saved_cs_client     = @@character_set_client */;
/*!50503 SET character_set_client = utf8mb4 */;
CREATE TABLE `users` (
  `id` bigint NOT NULL AUTO_INCREMENT,
  `full_name` varchar(100) NOT NULL,
  `email` varchar(100) NOT NULL,
  `password` varchar(255) NOT NULL,
  `role` varchar(20) NOT NULL,
  `enabled` tinyint(1) NOT NULL DEFAULT '1',
  `created_at` timestamp NULL DEFAULT CURRENT_TIMESTAMP,
  PRIMARY KEY (`id`),
  UNIQUE KEY `full_name` (`full_name`),
  UNIQUE KEY `email` (`email`)
) ENGINE=InnoDB AUTO_INCREMENT=8 DEFAULT CHARSET=utf8mb4 COLLATE=utf8mb4_0900_ai_ci;
/*!40101 SET character_set_client = @saved_cs_client */;

--
-- Dumping data for table `users`
--

LOCK TABLES `users` WRITE;
/*!40000 ALTER TABLE `users` DISABLE KEYS */;
INSERT INTO `users` VALUES (1,'nissa','nissa@eno.com','$2a$10$za5onlhDzUHS.Bzp6oRmN.1./MVj7J2r9IGOnMwJ/tIEuLjZabWmq','ADMIN',1,'2026-03-12 10:45:14'),(3,'hakdog','hakdog@enomy.com','$2a$10$q.9GyGai3aqtQS./epaV5Ol4EsathNK6xkThINxd.hUJeo/agLz52','CLIENT',1,'2026-03-12 12:44:17'),(4,'gwapako','gwapa@enomy.com','$2a$10$kqM7FJVjRh.hDqzNT5h7heWflHTQMtgrU2uWCjN8uPiGFr0grNDqa','CLIENT',1,'2026-03-12 12:51:39'),(5,'haha','haha@test.com','$2a$10$bd08vcmwfLkk.dfnELbiKuFxz/5wmwo5qxAsyW7eRFT1h2xBQwISO','CLIENT',1,'2026-03-12 13:38:45'),(7,'Nissa Pacs','nissa@enomy.com','$2a$10$/9CdKmLS4esAsZzk7bWrzexJrpdf.Py94VdUz6WERmaC0utH6ZQ1e','CLIENT',1,'2026-03-18 09:37:53');
/*!40000 ALTER TABLE `users` ENABLE KEYS */;
UNLOCK TABLES;
SET @@SESSION.SQL_LOG_BIN = @MYSQLDUMP_TEMP_LOG_BIN;
/*!40103 SET TIME_ZONE=@OLD_TIME_ZONE */;

/*!40101 SET SQL_MODE=@OLD_SQL_MODE */;
/*!40014 SET FOREIGN_KEY_CHECKS=@OLD_FOREIGN_KEY_CHECKS */;
/*!40014 SET UNIQUE_CHECKS=@OLD_UNIQUE_CHECKS */;
/*!40101 SET CHARACTER_SET_CLIENT=@OLD_CHARACTER_SET_CLIENT */;
/*!40101 SET CHARACTER_SET_RESULTS=@OLD_CHARACTER_SET_RESULTS */;
/*!40101 SET COLLATION_CONNECTION=@OLD_COLLATION_CONNECTION */;
/*!40111 SET SQL_NOTES=@OLD_SQL_NOTES */;

-- Dump completed on 2026-03-26  3:15:10
